{"cameraMode":{"drawMode":0,"name":"Shaded","section":"Shading Mode"},"sceneLighting":false,"audioPlay":false,"sceneViewState":{"m_AlwaysRefresh":false,"showFog":true,"showSkybox":false,"showFlares":true,"showImageEffects":true,"showParticleSystems":true,"showVisualEffectGraphs":true,"m_FxEnabled":true},"in2DMode":false,"pivot":{"x":-1.4300117492675782,"y":7.045975208282471,"z":-3.3734941482543947},"rotation":{"x":0.0007972745806910098,"y":0.9985668659210205,"z":0.05156279727816582,"w":-0.015278123319149018},"size":7.021142959594727,"orthographic":false}