{"cameraMode":{"drawMode":0,"name":"Shaded","section":"Shading Mode"},"sceneLighting":false,"audioPlay":false,"sceneViewState":{"m_AlwaysRefresh":false,"showFog":true,"showSkybox":true,"showFlares":true,"showImageEffects":true,"showParticleSystems":true,"showVisualEffectGraphs":true,"m_FxEnabled":false},"in2DMode":false,"pivot":{"x":-0.5443141460418701,"y":5.365988254547119,"z":29.08663558959961},"rotation":{"x":0.1982060819864273,"y":0.018439091742038728,"z":-0.005656570196151733,"w":0.9804945588111877},"size":7.021142959594727,"orthographic":false}