{"cameraMode":{"drawMode":0,"name":"Shaded","section":"Shading Mode"},"sceneLighting":false,"audioPlay":false,"sceneViewState":{"m_AlwaysRefresh":false,"showFog":true,"showSkybox":false,"showFlares":true,"showImageEffects":true,"showParticleSystems":true,"showVisualEffectGraphs":true,"m_FxEnabled":false},"in2DMode":false,"pivot":{"x":-0.9526348114013672,"y":4.994883060455322,"z":1.1137800216674805},"rotation":{"x":0.021280961111187936,"y":0.9773210883140564,"z":-0.15099263191223145,"w":0.1501905918121338},"size":5.4672322273254398,"orthographic":false}