{"cameraMode":{"drawMode":0,"name":"Shaded","section":"Shading Mode"},"sceneLighting":false,"audioPlay":false,"sceneViewState":{"m_AlwaysRefresh":false,"showFog":true,"showSkybox":false,"showFlares":true,"showImageEffects":true,"showParticleSystems":true,"showVisualEffectGraphs":true,"m_FxEnabled":true},"in2DMode":false,"pivot":{"x":-1.6843146085739136,"y":4.425819396972656,"z":-2.4796900749206545},"rotation":{"x":-0.10234186798334122,"y":0.03561900556087494,"z":0.004603762645274401,"w":0.9943668246269226},"size":0.8660253882408142,"orthographic":false}