{"cameraMode":{"drawMode":0,"name":"Shaded","section":"Shading Mode"},"sceneLighting":false,"audioPlay":false,"sceneViewState":{"m_AlwaysRefresh":false,"showFog":true,"showSkybox":false,"showFlares":true,"showImageEffects":true,"showParticleSystems":true,"showVisualEffectGraphs":true,"m_FxEnabled":false},"in2DMode":false,"pivot":{"x":6.693953037261963,"y":7.253469944000244,"z":-10.262185096740723},"rotation":{"x":-0.026495961472392083,"y":0.6856392621994019,"z":-0.024815766140818597,"w":-0.7275165319442749},"size":1.2247449159622193,"orthographic":false}